{
  "search_type": "tree_based_tpe",
  "train_dataset": "old_excel",
  "test_dataset": "lhs_all_seeds",
  "db_loss_mode": "rse",
  "device": "cuda",
  "amp": true,
  "epochs": 300,
  "max_trials": 6,
  "n_jobs": 2,
  "num_workers": 4,
  "optuna_storage": "sqlite:///NNModel/resunet_dual_tpe.db",
  "study_name": "resunet_dual_tpe",
  "target_rse_db": -1.0,
  "stopped_on_target": false,
  "baseline": {
    "lhs_overall_rse_db": 0.02381223998963833,
    "best_val_loss": 0.05033913603614247,
    "best_epoch": 233,
    "params": {
      "base_channels": 64,
      "batch_size": 16,
      "lr": 0.0004302517396016556,
      "weight_decay": 0.0007114476009343421,
      "w_ri": 0.13899863008405067,
      "w_mag_db": 0.7638919733850194,
      "db_loss_mode": "rse",
      "db_weight_alpha": 0.7727374508106509,
      "db_weight_max": 6.934472157654941,
      "db_weight_eps": 4.5897367362261086e-05,
      "w_slope": 0.2192205135282351,
      "w_curv": 0.0801393764679011,
      "w_passivity": 0.08642834644654523,
      "w_hilbert": 0.0016467595436641957,
      "hilbert_edge_frac": 0.19548647782429918,
      "hilbert_warmup_epochs": 104
    }
  },
  "best": {
    "lhs_overall_rse_db": 0.015300270169973373,
    "best_val_loss": 0.03426795354526904,
    "best_epoch": 265,
    "params": {
      "base_channels": 64,
      "batch_size": 16,
      "lr": 0.0004302517396016,
      "weight_decay": 0.0007114476009343,
      "w_ri": 0.1389986300840506,
      "w_mag_db": 0.7638919733850194,
      "db_loss_mode": "rse",
      "db_weight_alpha": 0.7727374508106509,
      "db_weight_max": 6.934472157654941,
      "db_weight_eps": 4.5897367362261086e-05,
      "w_slope": 0.2192205135282351,
      "w_curv": 0.0801393764679011,
      "w_passivity": 0.0864283464465452,
      "w_hilbert": 0.0016467595436641,
      "hilbert_edge_frac": 0.1954864778242991,
      "hilbert_warmup_epochs": 104
    }
  },
  "improvement_db_rse_abs": 0.008511969819664955,
  "improvement_db_rse_pct": 35.74619533218571,
  "n_optuna_trials_total": 16,
  "n_optuna_trials_complete": 13,
  "saved_best_model": "C:\\Users\\Kerim\\Desktop\\antenna\\Antenna\\NNModel\\trained_model_resunet_dual_tuned.pt",
  "saved_best_scaler": "C:\\Users\\Kerim\\Desktop\\antenna\\Antenna\\NNModel\\scaler_resunet_dual_tuned.gz",
  "trials_csv": "C:\\Users\\Kerim\\Desktop\\antenna\\Antenna\\NNModel\\resunet_dual_tuning_trials.csv"
}